Generation|BestFitness|AverageFitnessPopulation|BestMaxDistance|BestMaxDistanceTime|BestNumberOfWheels|BestCarMass|BestIsRoadComplete
1|44,519416809082|11,8766931772232|242,1015|29,45725|8|150,5|False
2|44,4851455688477|4,78077267082408|241,9474|29,4632|8|150,5|False
3|51,2544097900391|10,8224489483982|237,2958|30,91806|8|233,5|False
4|51,1603126525879|-1,15427989421878|236,7854|30,78749|8|233,5|False
5|51,2197685241699|9,13352388208732|237,1739|30,98499|8|233,5|False
6|51,1801681518555|10,8808217283338|236,854|30,74734|8|233,5|False
7|51,2337913513184|7,46950486460701|237,8478|32,08548|8|233,5|False
8|51,3634376525879|8,72712048348039|238,5851|32,34027|8|233,5|False
9|51,2827491760254|9,08537859572098|238,1384|32,20416|8|233,5|False
10|51,3743019104004|11,2502546051517|237,8321|30,88623|8|233,5|False
11|135,051071166992|6,33106722831726|310,5734|21,89648|8|281|False
12|52,577766418457|12,7937949589701|249,9387|33,66388|8|273,5|False
13|105,218521118164|16,4550723244436|250,0722|33,63831|8|273,5|False
14|105,217910766602|12,269936029613|250,0827|33,6615|8|273,5|False
15|105,19938659668|12,1506847564131|250,0745|33,72961|8|273,5|False
16|52,6956443786621|0,0828168042004108|244,2405|30,685|8|251,5|False
17|105,220695495605|18,2690022185445|250,1062|33,69476|8|273,5|False
18|105,192108154297|18,7087073557079|250,0857|33,78479|8|273,5|False
19|105,167854309082|12,9950246902648|250,0728|33,87036|8|273,5|False
20|123,904457092285|16,7712867846712|255,7717|10,24817|8|281|False
21|105,251480102539|22,2205523920245|250,137|33,61523|8|273,5|False
22|105,25993347168|11,7431721564382|250,1999|33,69934|8|273,5|False
23|158,9697265625|16,2264774732292|340,0483|13,23743|8|277|False
24|105,23316192627|8,58143892660737|250,1106|33,64673|8|273,5|False
25|105,227699279785|12,7360985405743|250,0779|33,60791|8|273,5|False
26|52,557315826416|9,80880176126957|249,853|33,68237|8|273,5|False
27|105,233512878418|22,1688525089994|250,101|33,62659|8|273,5|False
28|89,0856246948242|14,1974556495901|255,5693|35,20288|8|139|False
29|105,18913269043|16,8321643591858|250,0797|33,7865|8|273,5|False
30|105,250427246094|9,14843232640997|250,1218|33,59058|8|273,5|False
31|105,226455688477|2,77473868262023|250,1261|33,70728|8|273,5|False
32|88,9776306152344|7,88413654547185|255,5357|35,6626|8|139|False
33|107,584983825684|25,8598747506738|250,8978|34,37952|8|234|False
34|107,534973144531|12,8464274991304|250,7458|34,30798|8|234|False
35|107,604804992676|3,61568181095645|250,9552|34,40234|8|234|False
36|107,592086791992|17,5916251249611|250,888|34,32642|8|234|False
37|107,54369354248|8,07116183377802|250,7259|34,22729|8|234|False
38|107,594947814941|16,0118637166917|250,8685|34,27368|8|234|False
39|107,520622253418|17,6955327399308|250,725|34,3335|8|234|False
40|107,556732177734|4,80345955379307|250,8046|34,32446|8|234|False
41|107,587829589844|16,3180866632611|250,8707|34,31152|8|234|False
42|107,592239379883|17,4723483681679|250,876|34,30151|8|234|False
43|107,547637939453|18,3571616142988|250,7165|34,18994|8|234|False
44|107,518577575684|16,6952225491405|250,7182|34,32935|8|234|False
45|107,595062255859|13,4791845591739|250,8911|34,3186|8|234|False
46|107,511390686035|10,1635232452303|250,7275|34,38208|8|234|False
47|107,580352783203|16,8496931999922|250,9021|34,41016|8|234|False
48|107,656753540039|7,79859826490283|251,1006|34,45166|8|234|False
49|107,575874328613|13,8856529265642|250,8792|34,38501|8|234|False
50|107,584037780762|15,3228188756853|250,8867|34,36157|8|234|False
51|107,520568847656|9,41941599026322|250,7304|34,34473|8|234|False
52|107,511123657227|15,0287553550676|250,7295|34,38745|8|234|False
53|107,60327911377|14,077307225205|250,8927|34,28345|8|234|False
54|107,515296936035|12,0049624755979|250,7305|34,36963|8|234|False
55|107,559989929199|19,6083392357235|250,7146|34,12866|8|234|False
56|107,572738647461|16,7231440410018|250,7184|34,07715|8|234|False
57|107,518989562988|15,5571136838757|250,7153|34,32178|8|234|False
58|107,591567993164|21,0116934657097|250,8841|34,32104|8|234|False
59|107,692077636719|2,93100349903107|251,1086|34,30151|8|234|False
60|107,511543273926|11,6586699394509|250,7207|34,36768|8|234|False
61|107,55583190918|15,3605799730401|250,8759|34,4729|8|234|False
62|107,625709533691|22,2213624943048|250,9413|34,27612|8|234|False
63|107,53588104248|14,1533583430573|250,719|34,25|8|234|False
64|107,517646789551|22,3707754526753|250,6233|34,14331|8|234|False
65|107,658500671387|12,4704711699858|251,0997|34,44141|8|234|False
66|107,682350158691|21,3474509239197|251,171|34,47339|8|234|False
67|107,566749572754|13,5799006316811|250,8752|34,41992|8|234|False
68|107,523056030273|10,7459007322788|250,7137|34,29932|8|234|False
69|107,512390136719|14,9691213309765|250,7234|34,36914|8|234|False
70|107,592025756836|11,6217330116779|250,8725|34,29541|8|234|False
71|107,533363342285|20,1390157810412|250,7248|34,27344|8|234|False
72|107,536506652832|13,6942716080695|250,8717|34,55615|8|234|False
73|107,544723510742|14,328668731451|250,7209|34,2124|8|234|False
74|107,592880249023|10,4973131462932|250,8669|34,28027|8|234|False
75|112,934562683105|19,9362261847593|253,5098|17,02246|8|281|False
76|122,754844665527|15,2541201405227|300,3471|50,24219|8|281|False
77|107,576995849609|9,6803707242012|250,8575|34,33594|8|234|False
78|107,541107177734|12,4814586296678|250,7171|34,22168|8|234|False
79|107,58521270752|15,0988091255538|250,9028|34,38867|8|234|False
80|107,662483215332|23,1929882839555|251,0889|34,40088|8|234|False
81|107,596061706543|11,77308370471|250,8755|34,28271|8|234|False
82|107,550559997559|11,5781132619362|250,8049|34,354|8|234|False
83|107,49186706543|7,9008657835424|250,6376|34,29248|8|234|False
84|107,523933410645|17,8084615077823|250,7237|34,31543|8|234|False
85|107,493797302246|0,684795908629894|250,7256|34,46143|8|234|False
86|107,681129455566|12,8194196429802|251,1004|34,33643|8|234|False
87|107,599838256836|10,0951932942495|250,8817|34,27734|8|234|False
88|107,56209564209|14,0666723937728|250,8844|34,46045|8|234|False
89|107,529640197754|12,0890617996454|250,7244|34,29004|8|234|False
90|107,580947875977|17,7855645669624|250,8866|34,37598|8|234|False
91|107,543762207031|13,7811133727431|250,7342|34,24365|8|234|False
92|107,595413208008|15,5163369157119|250,8893|34,31348|8|234|False
93|107,57893371582|10,1894832164049|250,8913|34,39502|8|234|False
94|107,601554870605|10,3941632966278|250,9462|34,39941|8|234|False
95|107,65064239502|14,0988043099642|251,0934|34,46582|8|234|False
96|107,516059875488|12,1913701696321|250,7486|34,40283|8|234|False
97|107,540603637695|12,9007523720153|250,7347|34,25928|8|234|False
98|107,604103088379|14,8374631971121|250,9011|34,29639|8|234|False
99|107,555770874023|8,34012749462854|250,7301|34,1792|8|234|False
100|107,556381225586|12,8685450099409|250,7563|34,229|8|234|False
101|107,598518371582|7,88879203312099|250,8893|34,29883|8|234|False
102|107,569961547852|9,76690233959816|250,8542|34,3623|8|234|False
103|107,567153930664|12,9592435282422|250,8807|34,4292|8|234|False
104|107,576454162598|18,8182593911886|250,8674|34,3584|8|234|False
105|107,596237182617|19,4316278085113|250,8985|34,32813|8|234|False
106|107,605529785156|12,2788683503866|250,8918|34,271|8|234|False
107|107,60115814209|12,0851815856993|250,8796|34,26709|8|234|False
108|107,518669128418|15,6061453230679|250,7243|34,34131|8|234|False
109|107,601119995117|12,1689173007384|250,8975|34,30322|8|234|False
110|107,54044342041|11,7465617426438|250,7255|34,2417|8|234|False
111|107,614418029785|11,9309030674398|250,9331|34,3125|8|234|False
112|107,592864990234|-0,760839283627865|250,8788|34,3042|8|234|False
113|107,601020812988|16,0686784797814|250,8869|34,28223|8|234|False
114|107,567977905273|11,7436000097543|250,8737|34,41113|8|234|False
115|107,728630065918|18,7807017427636|251,2296|34,37354|8|234|False
116|107,592041015625|7,59568959325552|250,873|34,29639|8|234|False
117|107,564926147461|10,6007847425295|250,7164|34,10938|8|234|False
118|107,593475341797|4,8253757417202|250,8884|34,3208|8|234|False
119|107,586402893066|16,7982967678457|250,8703|34,31738|8|234|False
120|107,588172912598|13,0545754488558|250,8751|34,31885|8|234|False
121|107,625801086426|15,3802988100331|250,9669|34,32715|8|234|False
122|107,550590515137|20,016741054412|250,7455|34,23438|8|234|False
123|107,578788757324|3,69496888685971|250,8936|34,40039|8|234|False
124|107,520751953125|3,23030988126993|250,7316|34,34619|8|234|False
125|107,593406677246|12,8131975650787|250,8936|34,33154|8|234|False
126|107,53588104248|19,1924118608236|250,7242|34,26025|8|234|False
127|107,614135742188|11,6425784517312|251,0508|34,55225|8|234|False
128|107,560203552246|10,9811868224293|250,8708|34,44189|8|234|False
129|107,580459594727|17,8509382952005|250,8845|34,37402|8|234|False
130|107,66259765625|12,4526345981052|251,0979|34,41846|8|234|False
131|107,594848632813|10,8923250213265|250,873|34,2832|8|234|False
132|107,552337646484|19,4167465999722|250,7805|34,29639|8|234|False
133|107,544143676758|12,8670297387056|250,8163|34,40723|8|234|False
134|107,58113861084|17,9015504197218|250,894|34,39014|8|234|False
135|107,566596984863|9,0324402580969|250,872|34,41406|8|234|False
136|107,613868713379|4,5794883674942|250,8864|34,22119|8|234|False
137|107,566078186035|12,5250936444849|250,8725|34,41748|8|234|False
138|107,600402832031|18,296518986579|250,8903|34,29199|8|234|False
139|107,578765869141|13,4240209165029|250,8757|34,36426|8|234|False
140|107,576965332031|9,29502520048991|250,873|34,36719|8|234|False
141|107,613311767578|15,0112525288016|250,8643|34,17969|8|234|False
142|107,549140930176|17,9308430410922|250,7319|34,21387|8|234|False
143|107,520011901855|9,51586244488135|250,7175|34,32129|8|234|False
144|107,58772277832|12,4639260936528|250,8685|34,30762|8|234|False
145|107,56893157959|4,49593190210871|250,8851|34,42969|8|234|False
146|107,510536193848|11,1961757978424|250,7123|34,35547|8|234|False
147|107,586669921875|15,7803542260081|250,8563|34,28809|8|234|False
148|107,519966125488|10,7996209528297|250,7164|34,31934|8|234|False
149|152,270477294922|22,2133305586874|342,1951|18,24609|8|281|False
150|107,525978088379|7,4118002962321|250,7319|34,32227|8|234|False
151|107,553619384766|16,8413868519478|250,7307|34,19043|8|234|False
152|107,582809448242|12,0414686199278|250,8808|34,35547|8|234|False
153|107,528266906738|9,09251678474248|250,7285|34,30469|8|234|False
154|107,569725036621|20,1394746652804|250,8778|34,41113|8|234|False
155|107,659080505371|17,6489916824503|251,1227|34,48535|8|234|False
156|107,511337280273|13,8977340601385|250,7306|34,38867|8|234|False
157|107,701164245605|9,86982856905088|251,1367|34,31543|8|234|False
158|107,599662780762|9,96767873167992|250,9036|34,32227|8|234|False
159|107,520332336426|9,24273091218783|250,7531|34,3916|8|234|False
160|107,586944580078|15,4300479805097|250,9015|34,37793|8|234|False
161|107,533309936523|14,2260992205236|250,7349|34,29395|8|234|False
162|107,529716491699|11,1270093560219|250,7314|34,30371|8|234|False
163|107,664176940918|1,41673462279141|251,109|34,43359|8|234|False
164|107,525093078613|10,4498194441199|250,739|34,34082|8|234|False
165|107,675315856934|10,9152648896037|251,1157|34,39453|8|234|False
166|107,522041320801|15,4414460821921|250,728|34,33301|8|234|False
167|107,552108764648|14,1450997001026|250,7237|34,18359|8|234|False
168|107,58464050293|18,2731305077672|250,8947|34,375|8|234|False
169|107,523818969727|10,3540535231179|250,722|34,3125|8|234|False
170|109,279441833496|17,7032404080033|256,4836|33,89063|8|261|False
171|109,24885559082|13,4848265301436|256,4757|34,0127|8|261|False
172|109,179153442383|2,5320991538465|256,5118|34,40137|8|261|False
173|107,915313720703|15,2967774990946|254,3792|36,10449|8|261|False
174|108,980598449707|20,3132535977289|256,3675|35,04395|8|261|False
175|109,270561218262|19,1603236742318|256,4838|33,93066|8|261|False
176|109,225677490234|11,9730462730862|256,52|34,2041|8|261|False
177|109,259048461914|18,0625002663583|256,4635|33,94336|8|261|False
178|108,959091186523|14,5725699039176|256,3945|35,20313|8|261|False
179|109,318244934082|16,2667075742036|256,544|33,83301|8|261|False
180|109,208221435547|20,1973031713627|256,4718|34,18945|8|261|False
181|108,956619262695|16,4220202898374|256,3812|35,1875|8|261|False
182|109,297454833984|14,9226264782948|256,4986|33,83887|8|261|False
183|108,9912109375|22,388228186965|256,387|35,0332|8|261|False
184|108,949195861816|18,2095375369303|256,3478|35,1543|8|261|False
185|109,144668579102|21,3494047005661|256,458|34,4541|8|261|False
186|109,31657409668|20,623854608601|256,5391|33,83105|8|261|False
187|109,290725708008|13,9675198882818|256,5388|33,94629|8|261|False
188|107,594818115234|14,5591706804931|253,5594|35,9502|8|261|False
189|109,20499420166|16,1185834406642|256,4907|34,24121|8|261|False
190|108,959083557129|12,809489512071|256,3869|35,1875|8|261|False
191|107,885643005371|19,3244568478316|254,3165|36,11914|8|261|False
192|109,207290649414|12,7306252777576|256,4796|34,20898|8|261|False
193|109,227745056152|14,0921737961471|256,4948|34,14551|8|261|False
194|109,236297607422|26,9900578266941|256,5273|34,16992|8|261|False
195|108,977760314941|20,5478510322049|256,3946|35,11328|8|261|False
196|108,47200012207|19,1132434681058|255,7152|36,17969|8|261|False
197|108,762405395508|24,9968406291679|256,3965|36,18457|8|261|False
198|108,941444396973|14,1615925792605|256,3877|35,27441|8|261|False
199|109,21883392334|21,6492907729|256,4881|34,17285|8|261|False
200|108,777870178223|22,0150837756693|256,404|36,12207|8|261|False
201|108,765159606934|16,5031304755248|256,3613|36,09375|8|261|False
202|108,390975952148|23,8983048728667|255,7384|36,65137|8|261|False
203|109,17603302002|22,3486619732343|256,4516|34,29688|8|261|False
204|109,249816894531|10,3057556815445|256,5247|34,10352|8|261|False
205|108,533973693848|14,6230896557681|255,7713|35,98633|8|261|False
206|109,239196777344|11,2363170705736|256,5125|34,12793|8|261|False
207|109,205917358398|2,86264261017204|256,4794|34,21484|8|261|False
208|108,96590423584|11,4252506341785|256,3991|35,17969|8|261|False
209|109,23957824707|12,6770160264336|256,5003|34,10254|8|261|False
210|109,238471984863|23,3080807494931|256,4752|34,05859|8|261|False
211|109,349555969238|18,163667372847|256,4217|33,46289|8|261|False
212|109,277984619141|22,9824235580862|256,3355|33,61426|8|261|False
213|109,291137695313|16,6340597529896|256,3366|33,55859|8|261|False
214|109,304481506348|23,0696330070263|256,3382|33,50293|8|261|False
215|109,293838500977|20,9654931299388|256,3832|33,63477|8|261|False
216|167,233032226563|33,3699916095473|347,118|10,93359|8|281|False
217|51,403736114502|12,8931235051714|243,2607|29,7832|8|203,5|False
218|108,168952941895|13,3820345450193|255,1285|36,44922|8|261|False
219|108,336891174316|16,1841470331885|255,2101|35,76953|8|261|False
220|108,330085754395|19,6927039206028|255,2106|35,80469|8|261|False
221|108,332061767578|31,889533380419|255,1559|35,67773|8|261|False
222|109,241554260254|30,578669808805|256,046|33,23047|8|261|False
223|109,326683044434|20,4238878939301|256,0432|32,8623|8|261|False
224|109,322456359863|20,2499134629965|256,0409|32,87598|8|261|False
225|109,296241760254|30,938628436625|256,0374|32,98047|8|261|False
226|109,345016479492|7,74293557177298|256,0432|32,78516|8|261|False
227|109,312232971191|11,402985811606|256,0413|32,91992|8|261|False
228|109,33056640625|22,4654802134959|256,0382|32,83691|8|261|False
229|109,303764343262|25,9575082336552|256,0468|32,96582|8|261|False
230|109,32682800293|24,1418410900049|256,072|32,91406|8|261|False
231|109,320816040039|32,6942461390048|256,088|32,96875|8|261|False
232|109,330856323242|27,3502060580999|256,1017|32,95117|8|261|False
233|109,303672790527|29,0482636980712|256,0744|33,0166|8|261|False
234|109,339347839355|25,4475767688826|256,0414|32,80566|8|261|False
235|109,303680419922|24,040220426023|256,0525|32,97656|8|261|False
236|109,316421508789|28,4780763685703|256,0452|32,90918|8|261|False
237|109,321014404297|14,4849306700926|256,0451|32,88965|8|261|False
238|109,335754394531|21,0484049454331|256,0454|32,82813|8|261|False
239|109,333427429199|31,6076548535377|256,04|32,82813|8|261|False
240|109,321166992188|23,8076651260257|256,0406|32,88086|8|261|False
241|109,317451477051|25,343257081788|256,1005|33,00586|8|261|False
242|109,3486328125|24,1105268005282|256,1044|32,88086|8|261|False
243|109,312469482422|22,4261654121801|256,0446|32,9248|8|261|False
244|109,255241394043|27,0308132555336|256,0741|33,22363|8|261|False
245|109,299591064453|29,3903458624147|256,0451|32,98047|8|261|False
246|109,318206787109|13,1666590418667|256,0857|32,97559|8|261|False
247|109,38809967041|25,7887849224731|256,1146|32,7334|8|261|False
248|109,28734588623|26,8317745804787|256,0636|33,06641|8|261|False
249|109,444183349609|21,1129586233757|256,1253|32,51953|8|261|False
250|109,281715393066|22,8294665258378|256,0462|33,05859|8|261|False
251|109,264495849609|26,9039669554681|256,0423|33,125|8|261|False
252|109,312545776367|25,8583105713129|256,0399|32,91602|8|261|False
253|109,317237854004|28,6867553583346|256,0406|32,89746|8|261|False
254|109,310722351074|19,569685770385|256,0571|32,95508|8|261|False
255|109,326271057129|22,1826364187524|256,0423|32,8623|8|261|False
256|109,326126098633|25,6038034074008|256,0441|32,86621|8|261|False
257|109,33765411377|27,5588007196784|256,0418|32,81348|8|261|False
258|109,344902038574|25,2434999625199|256,0403|32,78027|8|261|False
259|109,320404052734|24,211506099999|256,0399|32,88281|8|261|False
260|109,327362060547|19,9460026208311|256,0389|32,85156|8|261|False
261|109,560470581055|30,3950500257313|256,5302|32,76074|8|261|False
262|109,551795959473|22,3244599793106|256,5024|32,74707|8|261|False
263|109,584457397461|17,4210459529422|256,502|32,61035|8|261|False
264|109,565628051758|27,724444582127|256,5019|32,68848|8|261|False
265|109,5771484375|30,2315393470228|256,5031|32,64258|8|261|False
266|109,577728271484|20,204854697641|256,5044|32,64258|8|261|False
267|109,56502532959|21,8808004143648|256,5038|32,69434|8|261|False
268|109,533378601074|24,5397490912117|256,5078|32,83398|8|261|False
269|109,61922454834|36,3043878664263|256,5416|32,53711|8|261|False
270|109,598937988281|15,3659868664108|256,5427|32,62305|8|261|False
271|109,612770080566|19,8341011977755|256,5918|32,65332|8|261|False
272|109,592102050781|18,7017908101901|256,5465|32,6582|8|261|False
273|109,605804443359|14,7628305512946|256,562|32,62891|8|261|False
274|109,588371276855|23,3538953887066|256,5493|32,67871|8|261|False
275|109,591529846191|27,7325753580779|256,5501|32,66699|8|261|False
276|109,589042663574|26,2143632892985|256,5033|32,59375|8|261|False
277|142,408203125|34,0012706458569|360|49,63672|8|173,5|True
278|142,514175415039|31,299186044489|360|48,92188|8|173,5|True
279|142,371292114258|29,0976643351838|360|49,89063|8|173,5|True
280|142,380340576172|27,7819398805499|360|49,82813|8|173,5|True
281|142,538040161133|17,4161705320701|360|48,76367|8|173,5|True
282|142,495132446289|9,62404156001285|360|49,04883|8|173,5|True
283|142,438858032227|26,2497181043029|360|49,42773|8|173,5|True
284|142,495422363281|35,4937436163425|360|49,04688|8|173,5|True
285|142,532730102539|29,4666883111|360|48,79883|8|173,5|True
286|142,353805541992|35,2324753146619|360|50,01172|8|173,5|True
287|142,471237182617|29,9572679892182|360|49,20898|8|173,5|True
288|142,484909057617|32,3809446129948|360|49,11719|8|173,5|True
289|142,390548706055|24,1364711697388|360|49,75781|8|173,5|True
290|142,367050170898|40,9359076184686|360|49,91992|8|173,5|True
291|142,364791870117|20,1299452683888|360|49,93555|8|173,5|True
292|153,551330566406|40,7254916533828|348,8509|20,08008|8|281|False
293|150,830139160156|13,988361877948|360|46,67969|8|261|True
294|150,92121887207|17,2470498832874|360|46,13477|8|261|True
295|150,868392944336|18,1923508994281|360|46,44922|8|261|True
296|150,72541809082|20,4779611768201|360|47,32227|8|261|True
297|150,947082519531|21,8272306010127|360|45,98242|8|261|True
298|150,804733276367|24,2209994925186|360|46,83398|8|261|True
299|150,805053710938|34,5630526137538|360|46,83203|8|261|True
300|150,928176879883|20,2594004631042|360|46,09375|8|261|True
301|150,879501342773|23,1264029752463|360|46,38281|8|261|True
302|150,875579833984|20,1684680809034|360|46,40625|8|261|True
303|150,806015014648|23,4699801076204|360|46,82617|8|261|True
304|150,858306884766|25,3718253908213|360|46,50977|8|261|True
305|150,972427368164|15,0589096781798|360|45,83398|8|261|True
306|150,818862915039|17,0752690025663|360|46,74805|8|261|True
307|150,813705444336|17,5337282252498|360|46,7793|8|261|True
308|150,816925048828|30,1847438242286|360|46,75977|8|261|True
309|150,83723449707|36,0019482469186|360|46,63672|8|261|True
310|150,863189697266|21,4920028707944|360|46,48047|8|261|True
311|150,883422851563|31,0103864961304|360|46,35938|8|261|True
312|150,707244873047|30,1343420232646|360|47,43555|8|261|True
313|150,804733276367|42,3602923639119|360|46,83398|8|261|True
314|150,917587280273|36,2241885855794|360|46,15625|8|261|True
315|150,864166259766|45,1038014553487|360|46,47461|8|261|True
316|150,849868774414|34,4736442899331|360|46,56055|8|261|True
317|150,811782836914|23,2949616567232|360|46,79102|8|261|True
318|150,959396362305|29,4762584432028|360|45,91016|8|261|True
319|150,900466918945|24,3589487090707|360|46,25781|8|261|True
320|150,823364257813|33,6405997412279|360|46,7207|8|261|True
321|150,859283447266|40,3169801469892|360|46,50391|8|261|True
322|150,801834106445|34,6179198969156|360|46,85156|8|261|True
323|150,815643310547|31,9110788475955|360|46,76758|8|261|True
324|150,899810791016|20,878100862354|360|46,26172|8|261|True
325|150,879165649414|30,7329375194386|360|46,38477|8|261|True
326|150,932800292969|36,2673029340804|360|46,06641|8|261|True
327|150,830139160156|44,4087484074291|360|46,67969|8|261|True
328|150,95573425293|18,9537898564246|360|45,93164|8|261|True
329|150,944091796875|39,9872810729779|360|46|8|261|True
330|150,860916137695|33,9067972578108|360|46,49414|8|261|True
331|150,892913818359|32,4519562005997|360|46,30273|8|261|True
332|150,890625|48,9863435253501|360|46,31641|8|261|True
333|151,289596557617|28,7293348629028|360|46,86523|8|254|True
334|151,31755065918|14,1757671674713|360|46,69531|8|254|True
335|151,184143066406|31,0468245101161|360|47,51758|8|254|True
336|151,142639160156|16,5413207007572|360|47,7793|8|254|True
337|151,39013671875|15,8315591742459|360|46,25977|8|254|True
338|151,3564453125|34,6193505782634|360|46,46094|8|254|True
339|151,108306884766|29,4437378525734|360|47,99805|8|254|True
340|151,414199829102|35,4148393064737|360|46,11719|8|254|True
341|151,332733154297|26,4275719682686|360|46,60352|8|254|True
342|151,34992980957|26,2581097885966|360|46,5|8|254|True
343|151,080627441406|40,3768365615979|360|48,17578|8|254|True
344|151,134338378906|27,396463811025|360|47,83203|8|254|True
345|151,135879516602|26,5420813568402|360|47,82227|8|254|True
346|151,312713623047|30,8419619201217|360|46,72461|8|254|True
347|151,100067138672|29,5960140002891|360|48,05078|8|254|True
348|151,323043823242|48,7022778359242|360|46,66211|8|254|True
349|151,379974365234|27,0144624515437|360|46,32031|8|254|True
350|151,248519897461|32,2455696891993|360|47,11719|8|254|True
351|151,304672241211|35,4400708974688|360|46,77344|8|254|True
352|151,251052856445|36,9375749483705|360|47,10156|8|254|True
353|151,220123291016|21,7211196177639|360|47,29297|8|254|True
354|151,297286987305|24,9634356804192|360|46,81836|8|254|True
355|151,367538452148|27,6561740654986|360|46,39453|8|254|True
356|151,357421875|22,9162003872916|360|46,45508|8|254|True
357|151,273941040039|23,9295311253518|360|46,96094|8|254|True
358|151,35774230957|31,7541714776307|360|46,45313|8|254|True
359|151,13525390625|15,1479418191302|360|47,82617|8|254|True
360|151,182281494141|16,360181679076|360|47,5293|8|254|True
361|151,270751953125|26,1256594285369|360|46,98047|8|254|True
362|151,155288696289|39,9437638096511|360|47,69922|8|254|True
363|151,215103149414|28,9558479905128|360|47,32422|8|254|True
364|151,365905761719|34,7954937411472|360|46,4043|8|254|True
365|151,314651489258|17,9212770681828|360|46,71289|8|254|True
366|151,160858154297|23,3740200754255|360|47,66406|8|254|True
367|151,335647583008|33,0010860824957|360|46,58594|8|254|True
368|151,130950927734|27,0203258499037|360|47,85352|8|254|True
369|151,241882324219|30,6862768657506|360|47,1582|8|254|True
370|151,157455444336|34,690800175257|360|47,68555|8|254|True
371|151,360687255859|26,5574792526662|360|46,43555|8|254|True
372|151,385543823242|42,1358112074435|360|46,28711|8|254|True
373|151,347015380859|43,8756975054741|360|46,51758|8|254|True
374|151,07942199707|35,424333935231|360|48,18359|8|254|True
375|151,163024902344|33,3237743468955|360|47,65039|8|254|True
376|151,357421875|22,5237789400853|360|46,45508|8|254|True
377|151,156845092773|21,4599114807788|360|47,68945|8|254|True
378|151,140182495117|26,6495450157672|360|47,79492|8|254|True
379|151,360687255859|33,0341382754967|360|46,43555|8|254|True
380|151,369827270508|18,934524596855|360|46,38086|8|254|True
381|151,154678344727|25,2582600098103|360|47,70313|8|254|True
382|151,144805908203|24,1552464369917|360|47,76563|8|254|True
383|151,368194580078|13,7978462556843|360|46,39063|8|254|True
384|151,174194335938|27,2792486199178|360|47,58008|8|254|True
385|151,155288696289|29,3141475626675|360|47,69922|8|254|True
386|151,154373168945|26,0524849543348|360|47,70508|8|254|True
387|151,35026550293|25,271946727857|360|46,49805|8|254|True
388|151,309494018555|30,7990630619228|360|46,74414|8|254|True
389|151,308853149414|26,7504140470177|360|46,74805|8|254|True
390|151,337600708008|25,0143985499861|360|46,57422|8|254|True
391|151,126663208008|16,3702916672453|360|47,88086|8|254|True
392|151,253280639648|25,8538051358424|360|47,08789|8|254|True
393|151,137725830078|27,6868950042874|360|47,81055|8|254|True
394|151,378326416016|46,9583466089331|360|46,33008|8|254|True
395|151,343765258789|23,6341428328305|360|46,53711|8|254|True
396|151,379638671875|24,7565958400257|360|46,32227|8|254|True
397|151,915573120117|30,0445835184306|360|45,29688|8|236|True
398|151,863815307617|35,9718496686779|360|45,59375|8|236|True
399|151,876358032227|34,0210920274258|360|45,52148|8|236|True
400|151,902572631836|27,2401194483042|360|45,37109|8|236|True
401|151,808731079102|33,1891466237605|360|45,91406|8|236|True
402|151,920715332031|27,6114992179908|360|45,26758|8|236|True
403|151,85334777832|34,8151646792889|360|45,6543|8|236|True
404|151,761001586914|32,1277029385325|360|46,19531|8|236|True
405|151,937911987305|35,009672732465|360|45,16992|8|236|True
406|151,893692016602|19,7808416320942|360|45,42188|8|236|True
407|151,829803466797|22,9826548257843|360|45,79102|8|236|True
408|151,893356323242|36,0937110319734|360|45,42383|8|236|True
409|151,894378662109|27,0333350858651|360|45,41797|8|236|True
410|151,937210083008|16,2833169739693|360|45,17383|8|236|True
411|151,917617797852|25,5641380041838|360|45,28516|8|236|True
412|151,91145324707|24,1201666172594|360|45,32031|8|236|True
413|151,908721923828|20,3590580605902|360|45,33594|8|236|True
414|151,919677734375|33,6665264442563|360|45,27344|8|236|True
415|151,878051757813|24,0667367056012|360|45,51172|8|236|True
416|151,844253540039|26,3626878325827|360|45,70703|8|236|True
417|151,903244018555|44,1476137667894|360|45,36719|8|236|True
418|151,905990600586|21,069926039502|360|45,35156|8|236|True
419|151,790771484375|22,6762874708278|360|46,01953|8|236|True
420|151,869232177734|19,5882815045305|360|45,5625|8|236|True
421|151,933090209961|33,246957951691|360|45,19727|8|236|True
422|151,905639648438|22,6617340649478|360|45,35352|8|236|True
423|151,860107421875|21,1070375755429|360|45,61523|8|236|True
424|166,879684448242|37,4194584131241|341,0611|10,70508|8|266,5|False
425|151,921051025391|17,2802222450729|360|45,26563|8|236|True
426|151,90803527832|35,4214504104108|360|45,33984|8|236|True
427|151,877716064453|31,5671435846016|360|45,51367|8|236|True
428|151,922088623047|20,9168858594494|360|45,25977|8|236|True
429|151,89404296875|24,7824381744489|360|45,41992|8|236|True
430|151,827453613281|38,2758630976081|360|45,80469|8|236|True
431|151,930679321289|23,6354025403271|360|45,21094|8|236|True
432|151,891311645508|25,3995602972806|360|45,43555|8|236|True
433|151,815414428711|20,954769407073|360|45,875|8|236|True
434|151,902908325195|24,2651924222708|360|45,36914|8|236|True
435|151,845260620117|23,1390371549875|360|45,70117|8|236|True
436|164,92854309082|37,7440365307964|336,6696|10,81055|8|261|False
437|151,944808959961|23,2711922091199|360|45,13086|8|236|True
438|151,886199951172|37,6563743682578|360|45,46484|8|236|True
439|151,841888427734|39,2586369678378|360|45,7207|8|236|True
440|151,878387451172|25,9178325172514|360|45,50977|8|236|True
441|151,929641723633|23,9914885833859|360|45,2168|8|236|True
442|151,941360473633|27,8907791676|360|45,15039|8|236|True
443|151,856048583984|28,4189629012719|360|45,63867|8|236|True
444|151,927917480469|19,9978191095404|360|45,22656|8|236|True
445|151,903594970703|23,0539726212621|360|45,36523|8|236|True
446|151,870254516602|17,7512016603723|360|45,55664|8|236|True
447|151,881790161133|31,5789285051054|360|45,49023|8|236|True
448|151,792419433594|25,1537966925651|360|46,00977|8|236|True
449|151,923797607422|26,645889576897|360|45,25|8|236|True
450|151,830139160156|48,9556777507067|360|45,78906|8|236|True
451|151,915573120117|33,213147454476|360|45,29688|8|236|True
452|151,960372924805|18,8084481757134|360|45,04297|8|236|True
453|151,959671020508|26,0560555249453|360|45,04688|8|236|True
454|151,902572631836|24,3498620824888|360|45,37109|8|236|True
455|151,943420410156|22,4704022800084|360|45,13867|8|236|True
456|151,882461547852|47,2017021305859|360|45,48633|8|236|True
457|151,898468017578|28,1774767148308|360|45,39453|8|236|True
458|151,853012084961|31,2811340785644|360|45,65625|8|236|True
459|151,933090209961|33,1448122151196|360|45,19727|8|236|True
460|151,935501098633|24,7242559262551|360|45,18359|8|236|True
461|151,890625|31,3820609427989|360|45,43945|8|236|True
462|151,818756103516|22,2834232227295|360|45,85547|8|236|True
463|151,898818969727|11,7786036416888|360|45,39258|8|236|True
464|151,923110961914|30,2417184209102|360|45,25391|8|236|True
465|151,912139892578|23,0425975903869|360|45,31641|8|236|True
466|151,955169677734|22,7109525403241|360|45,07227|8|236|True
467|151,837188720703|23,7258496571914|360|45,74805|8|236|True
468|151,928955078125|22,3506925777532|360|45,2207|8|236|True
469|151,91796875|17,8158047679812|360|45,2832|8|236|True
470|151,902572631836|20,0773910548538|360|45,37109|8|236|True
471|151,90495300293|18,8815863169264|360|45,35742|8|236|True
472|151,892333984375|27,0400939822197|360|45,42969|8|236|True
473|151,884841918945|22,7910665690899|360|45,47266|8|236|True
474|151,951019287109|40,1503284474835|360|45,0957|8|236|True
475|151,901885986328|27,7668418983696|360|45,375|8|236|True
476|151,881790161133|23,6979383069091|360|45,49023|8|236|True
477|151,948944091797|40,9202172515914|360|45,10742|8|236|True
478|151,898468017578|30,0814021795988|360|45,39453|8|236|True
479|151,936874389648|25,6703193347901|360|45,17578|8|236|True
480|151,878723144531|22,1389336093329|360|45,50781|8|236|True
481|151,935501098633|28,9921212498331|360|45,18359|8|236|True
482|151,912826538086|28,297520969063|360|45,3125|8|236|True
483|151,926895141602|37,2348733367398|360|45,23242|8|236|True
484|151,784790039063|22,1555132856593|360|46,05469|8|236|True
485|151,913177490234|27,2545634593815|360|45,31055|8|236|True
486|151,781478881836|26,133865198493|360|46,07422|8|236|True
487|151,90495300293|33,5670541077852|360|45,35742|8|236|True
488|151,935836791992|28,0704597252421|360|45,18164|8|236|True
489|151,892333984375|36,8439112374559|360|45,42969|8|236|True
490|151,909408569336|22,6919051497243|360|45,33203|8|236|True
491|151,899154663086|28,0900513764471|360|45,39063|8|236|True
492|151,892333984375|27,6860810130835|360|45,42969|8|236|True
493|151,876358032227|26,4316019132733|360|45,52148|8|236|True
494|151,928955078125|20,3287581517361|360|45,2207|8|236|True
495|151,926208496094|20,7162532298826|360|45,23633|8|236|True
496|151,932739257813|15,6421580504626|360|45,19922|8|236|True
497|151,931015014648|28,4380422937218|360|45,20898|8|236|True
498|151,91796875|32,2585509747267|360|45,2832|8|236|True
499|151,85334777832|32,0036813413957|360|45,6543|8|236|True
500|151,90495300293|9,01765042475308|360|45,35742|8|236|True
